{
  "type": "minecraft:random_patch",
  "config": {
    "feature": {
      "feature": {
        "type": "minecraft:simple_block",
        "config": {
          "to_place": {
            "type": "minecraft:noise_provider",
            "noise": {
              "amplitudes": [
                1,
                1
              ],
              "firstOctave": -5
            },
            "scale": 1,
            "seed": 0,
            "states": [
              {
                "Name": "minecraft:lily_of_the_valley"
              },
              {
                "Name": "minecraft:oxeye_daisy"
              }
            ]
          }
        }
      },
      "placement": [
        {
          "type": "minecraft:block_predicate_filter",
          "predicate": {
            "type": "minecraft:matching_blocks",
            "blocks": [
              "minecraft:air"
            ]
          }
        }
      ]
    },
    "tries": 16,
    "xz_spread": 8,
    "y_spread": 3
  }
}