{
    "type": "minecraft:tree",
    "config": {
        "decorators": [],
        "dirt_provider": {
            "type": "minecraft:simple_state_provider",
            "state": {
                "Name": "minecraft:dirt"
            }
        },
        "foliage_placer": {
            "type": "minecraft:pine_foliage_placer",
            "height": 3,
            "offset": 1,
            "radius": {
                "type": "minecraft:uniform",
                "value": {
                    "min_inclusive": 2,
                    "max_inclusive": 3
                }
            }
        },
        "foliage_provider": {
            "type": "minecraft:simple_state_provider",
            "state": {
                "Name": "minecraft:birch_leaves",
                "Properties": {
                    "distance": "7",
                    "persistent": "false",
                    "waterlogged": "false"
                }
            }
        },
        "ignore_vines": true,
        "minimum_size": {
            "type": "minecraft:two_layers_feature_size"
        },
        "trunk_placer": {
            "type": "minecraft:straight_trunk_placer",
            "base_height": 4,
            "height_rand_a": 3,
            "height_rand_b": 6
        },
        "trunk_provider": {
            "type": "minecraft:simple_state_provider",
            "state": {
                "Name": "minecraft:birch_log",
                "Properties": {
                    "axis": "y"
                }
            }
        }
    }
}