{
  "type": "minecraft:random_selector",
  "config": {
    "features": [
	  {
        "chance": 0.01,
        "feature": "terralith:taiga/tall/pine_tall"
      },
      {
        "chance": 0.02,
        "feature": "terralith:taiga/tall/spruce_tall_m"
      },
	  {
        "chance": 0.02,
        "feature": "terralith:taiga/tall/spruce_tall"
      },
	  {
        "chance": 0.05,
        "feature": "terralith:taiga/small/pine_small"
      },
      {
        "chance": 0.05,
        "feature": "terralith:taiga/small/spruce_small_m"
      },
	  {
        "chance": 0.1,
        "feature": "terralith:taiga/small/spruce_small"
      },
	  {
        "chance": 0.05,
        "feature": "terralith:taiga/mid/pine_mid"
      },
      {
        "chance": 0.1,
        "feature": "terralith:taiga/mid/spruce_mid_m"
      }
    ],
    "default": "terralith:taiga/mid/spruce_mid"
  }
}
