{
  "type": "minecraft:geode",
  "config": {
    "blocks": {
      "alternate_inner_layer_provider": {
        "type": "minecraft:weighted_state_provider",
        "entries": [
          {
            "data": {
              "Name": "minecraft:stone"
            },
            "weight": 2
          },
          {
            "data": {
              "Name": "minecraft:stone"
            },
            "weight": 1
          }
        ]
      },
      "cannot_replace": "#minecraft:features_cannot_replace",
      "filling_provider": {
        "type": "minecraft:weighted_state_provider",
        "entries": [
          {
            "data": {
              "Name": "minecraft:stone"
            },
            "weight": 2
          },
          {
            "data": {
              "Name": "minecraft:stone"
            },
            "weight": 1
          }
        ]
      },
      "inner_layer_provider": {
        "type": "minecraft:weighted_state_provider",
        "entries": [
          {
            "data": {
              "Name": "minecraft:stone"
            },
            "weight": 2
          },
          {
            "data": {
              "Name": "minecraft:stone"
            },
            "weight": 1
          }
        ]
      },
      "inner_placements": [
        {
          "Name": "minecraft:stone"
        }
      ],
      "invalid_blocks": "#terralith:calcite",
      "middle_layer_provider": {
        "type": "minecraft:weighted_state_provider",
        "entries": [
          {
            "data": {
              "Name": "minecraft:stone"
            },
            "weight": 2
          },
          {
            "data": {
              "Name": "minecraft:stone"
            },
            "weight": 1
          }
        ]
      },
      "outer_layer_provider": {
        "type": "minecraft:weighted_state_provider",
        "entries": [
          {
            "data": {
              "Name": "minecraft:stone"
            },
            "weight": 2
          },
          {
            "data": {
              "Name": "minecraft:stone"
            },
            "weight": 1
          }
        ]
      }
    },
    "crack": {
      "base_crack_size": 0,
      "crack_point_offset": 0,
      "generate_crack_chance": 0
    },
    "distribution_points": {
      "type": "minecraft:biased_to_bottom",
      "value": {
        "min_inclusive": 2,
        "max_inclusive": 3
      }
    },
    "invalid_blocks_threshold": 1,
    "layers": {
      "filling": 0.5,
      "inner_layer": 1,
      "middle_layer": 1.25,
      "outer_layer": 1.96
    },
    "max_gen_offset": 12,
    "min_gen_offset": -12,
    "noise_multiplier": 0.07,
    "outer_wall_distance": {
      "type": "minecraft:uniform",
      "value": {
        "min_inclusive": 2,
        "max_inclusive": 4
      }
    },
    "placements_require_layer0_alternate": false,
    "point_offset": {
      "type": "minecraft:biased_to_bottom",
      "value": {
        "min_inclusive": 1,
        "max_inclusive": 3
      }
    },
    "use_alternate_layer0_chance": 0,
    "use_potential_placements_chance": 0
  }
}