{
  "type": "minecraft:random_patch",
  "config": {
    "feature": {
      "feature": {
        "type": "minecraft:simple_block",
        "config": {
          "to_place": {
            "type": "minecraft:simple_state_provider",
            "state": {
              "Name": "minecraft:grass"
            }
          }
        }
      },
      "placement": [
        {
          "type": "minecraft:block_predicate_filter",
          "predicate": {
            "type": "minecraft:all_of",
            "predicates": [
              {
                "type": "minecraft:matching_blocks",
                "blocks": [
                  "minecraft:air"
                ],
                "offset": [
                  0,
                  0,
                  0
                ]
              },
              {
                "type": "minecraft:matching_blocks",
                "blocks": [
                  "minecraft:grass_block",
                  "moss_block"
                ],
                "offset": [
                  0,
                  -1,
                  0
                ]
              }
            ]
          }
        }
      ]
    },
    "tries": 32,
    "xz_spread": 7,
    "y_spread": 3
  }
}