{
  "type": "minecraft:random_selector",
  "config": {
    "features": [
	{
        "chance": 0.01,
        "feature": "terralith:forest/flower/tall/oak_tall"
      },
      {
        "chance": 0.01,
        "feature": "terralith:forest/flower/tall/oak_tall_m"
      },
	  {
        "chance": 0.2,
        "feature": "terralith:forest/flower/mid/oak_mid_m"
      },
	  {
        "chance": 0.3,
        "feature": "terralith:forest/flower/small/oak_small"
      },
	  {
        "chance": 0.1,
        "feature": "terralith:forest/flower/small/oak_small_m"
      },
	  {
        "chance": 0.05,
        "feature": "terralith:forest/flower/tiny/oak_tiny"
      },
	  {
        "chance": 0.01,
        "feature": "terralith:forest/flower/tiny/oak_tiny_m"
      }
    ],
    "default": "terralith:forest/flower/mid/oak_mid"
  }
}
