{
  "feature": {
    "type": "minecraft:random_patch",
    "config": {
      "tries": 64,
      "xz_spread": 4,
      "y_spread": 4,
      "feature": {
        "feature": "minecraft:glow_lichen",
        "placement": []
      }
    }
  },
  "placement": [
    {
      "type": "minecraft:count",
      "count": 10
    },
    {
      "type": "minecraft:in_square"
    },
    {
      "type": "minecraft:height_range",
      "height": {
        "type": "minecraft:uniform",
        "min_inclusive": {
          "above_bottom": 0
        },
        "max_inclusive": {
          "below_top": 0
        }
      }
    },
    {
      "type": "minecraft:surface_relative_threshold_filter",
      "heightmap": "OCEAN_FLOOR_WG",
      "max_inclusive": -13
    }
  ]
}
