{
    "carvers": {
        "air": [
            "minecraft:cave",
            "minecraft:cave_extra_underground",
            "minecraft:canyon"
        ]
    },
    "downfall": 0,
    "effects": {
        "fog_color": 13494015,
        "foliage_color": 5157688,
        "grass_color": 7844664,
        "mood_sound": {
            "block_search_extent": 8,
            "offset": 2,
            "sound": "minecraft:ambient.cave",
            "tick_delay": 6000
        },
        "music": {
            "max_delay": 24000,
            "min_delay": 12000,
            "replace_current_music": false,
            "sound": "minecraft:music.overworld.desert"
        },
        "sky_color": 11653631,
        "water_color": 4570768,
        "water_fog_color": 329011
    },
    "features": [
        [
            "terralith:desert/spires/calcite_tip",
            "terralith:canyon/sandstone/sandstone",
            "terralith:canyon/sandstone/cliff",
            "terralith:canyon/sandstone/slab",
            "terralith:canyon/sandstone/slab_smooth"
        ],
        [
            "terralith:canyon/sandstone/lakes",
            "minecraft:lake_lava_underground",
            "minecraft:lake_lava_surface"
        ],
        [
            "minecraft:amethyst_geode"
        ],
        [
            "minecraft:fossil_upper",
            "minecraft:fossil_lower",
            "minecraft:monster_room",
            "minecraft:monster_room_deep"
        ],
        [
            "minecraft:desert_well"
        ],
        [],
        [
            "terralith:canyon/sandstone/moss",
            "terralith:canyon/sandstone/clay",
            "minecraft:ore_granite_lower",
            "minecraft:ore_diorite_lower",
            "minecraft:ore_andesite_lower",
            "minecraft:ore_tuff",
            "minecraft:ore_iron_middle",
            "minecraft:ore_iron_small",
            "minecraft:ore_gold",
            "minecraft:ore_gold_lower",
            "minecraft:ore_redstone",
            "minecraft:ore_redstone_lower",
            "minecraft:ore_diamond",
            "minecraft:ore_diamond_medium",
            "minecraft:ore_diamond_large",
            "minecraft:ore_diamond_buried",
            "minecraft:ore_lapis",
            "minecraft:ore_lapis_buried",
            "minecraft:ore_copper",
            "minecraft:underwater_magma"
        ],
        [],
        [
            "minecraft:spring_water",
            "minecraft:spring_lava"
        ],
        [
            "terralith:canyon/sandstone/moss_carpet",
            "terralith:canyon/sandstone/scattered_palms",
            "terralith:canyon/sandstone/lake_palms",
            "terralith:canyon/sandstone/lilypad",
            "terralith:canyon/sandstone/dripleaf",
            "minecraft:glow_lichen",
            "minecraft:flower_default",
            "minecraft:patch_grass_badlands",
            "minecraft:patch_dead_bush_2",
            "minecraft:brown_mushroom_normal",
            "minecraft:red_mushroom_normal",
            "minecraft:patch_sugar_cane_desert",
            "minecraft:patch_pumpkin",
            "minecraft:patch_cactus_desert"
        ],
        [
            "minecraft:freeze_top_layer"
        ]
    ],
    "has_precipitation": false,
    "spawn_costs": {},
    "spawners": {
        "ambient": [
            {
                "type": "minecraft:bat",
                "maxCount": 8,
                "minCount": 8,
                "weight": 10
            }
        ],
        "axolotls": [],
        "creature": [
            {
                "type": "minecraft:rabbit",
                "maxCount": 3,
                "minCount": 2,
                "weight": 4
            }
        ],
        "misc": [],
        "monster": [
            {
                "type": "minecraft:spider",
                "maxCount": 4,
                "minCount": 4,
                "weight": 100
            },
            {
                "type": "minecraft:zombie",
                "maxCount": 4,
                "minCount": 4,
                "weight": 19
            },
            {
                "type": "minecraft:zombie_villager",
                "maxCount": 1,
                "minCount": 1,
                "weight": 1
            },
            {
                "type": "minecraft:skeleton",
                "maxCount": 4,
                "minCount": 4,
                "weight": 100
            },
            {
                "type": "minecraft:creeper",
                "maxCount": 4,
                "minCount": 4,
                "weight": 100
            },
            {
                "type": "minecraft:slime",
                "maxCount": 4,
                "minCount": 4,
                "weight": 100
            },
            {
                "type": "minecraft:enderman",
                "maxCount": 4,
                "minCount": 1,
                "weight": 10
            },
            {
                "type": "minecraft:witch",
                "maxCount": 1,
                "minCount": 1,
                "weight": 5
            },
            {
                "type": "minecraft:husk",
                "maxCount": 4,
                "minCount": 4,
                "weight": 80
            }
        ],
        "underground_water_creature": [
            {
                "type": "minecraft:glow_squid",
                "maxCount": 6,
                "minCount": 4,
                "weight": 10
            }
        ],
        "water_ambient": [],
        "water_creature": []
    },
    "temperature": 2
}