{
	"feature": {
		"type": "minecraft:simple_block",
		"config": {
			"to_place": {
				"type": "minecraft:weighted_state_provider",
				"entries": [
					{
						"weight": 5,
						"data": {
							"Name": "minecraft:brain_coral",
							"Properties": {
								"waterlogged": "true"
							}
						}
					},
					{
						"weight": 1,
						"data": {
							"Name": "minecraft:brain_coral_fan",
							"Properties": {
								"waterlogged": "true"
							}
						}
					}
				]
			}
		}
	},
	"placement": [
		{
			"type": "minecraft:count",
			"count": 100
		},
		{
			"type": "minecraft:in_square"
		},
		{
			"type": "minecraft:height_range",
			"height": {
				"type": "minecraft:uniform",
				"min_inclusive": {
					"above_bottom": 0
				},
				"max_inclusive": {
					"absolute": 110
				}
			}
		},
		{
			"type": "minecraft:environment_scan",
			"direction_of_search": "down",
			"max_steps": 32,
			"target_condition": {
				"type": "minecraft:all_of",
				"predicates": [
					{
						"type": "minecraft:matching_blocks",
						"offset": [
							0,
							0,
							0
						],
						"blocks": [
							"minecraft:water"
						]
					},
					{
						"type": "minecraft:matching_blocks",
						"offset": [
							0,
							-1,
							0
						],
						"blocks": [
							"minecraft:brain_coral_block"
						]
					}
				]
			},
			"allowed_search_condition": {
				"type": "minecraft:true"
			}
		},
		{
			"type": "minecraft:biome"
		}
	]
}
