{
	"feature": "cavernous:myst/dreadmire/pimple",
	"placement": [
		{
			"type": "minecraft:count",
			"count": {
				"type": "minecraft:biased_to_bottom",
				"value": {
					"min_inclusive": 1,
					"max_inclusive": 2
				}
			}
		},
		{
			"type": "minecraft:in_square"
		},
		{
			"type": "minecraft:height_range",
			"height": {
				"type": "minecraft:uniform",
				"min_inclusive": {
					"above_bottom": 0
				},
				"max_inclusive": {
					"absolute": 110
				}
			}
		},
		{
			"type": "minecraft:environment_scan",
			"direction_of_search": "down",
			"max_steps": 32,
			"target_condition": {
				"type": "minecraft:all_of",
				"predicates": [
					{
						"type": "minecraft:matching_blocks",
						"offset": [
							0,
							4,
							0
						],
						"blocks": [
							"minecraft:air"
						]
					},
					{
						"type": "minecraft:matching_blocks",
						"offset": [
							0,
							3,
							0
						],
						"blocks": [
							"minecraft:nether_wart_block"
						]
					},
					{
						"type": "minecraft:matching_blocks",
						"offset": [
							0,
							2,
							0
						],
						"blocks": [
							"minecraft:mud"
						]
					}
				]
			},
			"allowed_search_condition": {
				"type": "minecraft:true"
			}
		},
		{
			"type": "minecraft:random_offset",
			"xz_spread": 0,
			"y_spread": 1
		},
		{
			"type": "minecraft:biome"
		}
	]
}
