{
	"type": "minecraft:waterlogged_vegetation_patch",
	"config": {
		"surface": "floor",
		"depth": 3,
		"vertical_range": 5,
		"extra_bottom_block_chance": 0.8,
		"extra_edge_column_chance": 0.55,
		"vegetation_chance": 0.2,
		"xz_radius": {
			"type": "minecraft:uniform",
			"value": {
				"min_inclusive": 1,
				"max_inclusive": 3
			}
		},
		"replaceable": "#cavernous:myst/noxwoods_pool_replaceable",
		"ground_state": {
			"type": "minecraft:simple_state_provider",
			"state": {
				"Name": "minecraft:moss_block"
			}
		},
		"vegetation_feature": {
			"feature": {
				"type": "minecraft:simple_block",
				"config": {
					"to_place": {
						"type": "minecraft:weighted_state_provider",
						"entries": [
							{
								"weight": 7,
								"data": {
									"Name": "minecraft:horn_coral",
									"Properties": {
										"waterlogged": "true"
									}
								}
							},
							{
								"weight": 1,
								"data": {
									"Name": "minecraft:wet_sponge"
								}
							}
						]
					}
				}
			},
			"placement": []
		}
	}
}
