{
  "type": "minecraft:random_patch",
  "config": {
    "tries": 128,
    "xz_spread": 2,
    "y_spread": 16,
    "feature": {
      "feature": {
        "type": "minecraft:disk",
        "config": {
          "state_provider": {
            "fallback": {
              "type": "minecraft:simple_state_provider",
              "state": {
                "Name": "minecraft:air"
              }
            },
            "rules": [
              {
                "if_true": {
                  "type": "minecraft:any_of",
                  "predicates": [
                    {
                      "type": "minecraft:matching_fluids",
                      "offset": [
                        0,
                        1,
                        0
                      ],
                      "fluids": [
                        "minecraft:water",
                        "minecraft:lava"
                      ]
                    },
                    {
                      "type": "minecraft:matching_fluids",
                      "offset": [
                        1,
                        0,
                        0
                      ],
                      "fluids": [
                        "minecraft:water",
                        "minecraft:lava"
                      ]
                    },
                    {
                      "type": "minecraft:matching_fluids",
                      "offset": [
                        -1,
                        0,
                        0
                      ],
                      "fluids": [
                        "minecraft:water",
                        "minecraft:lava"
                      ]
                    },
                    {
                      "type": "minecraft:matching_fluids",
                      "offset": [
                        0,
                        0,
                        1
                      ],
                      "fluids": [
                        "minecraft:water",
                        "minecraft:lava"
                      ]
                    },
                    {
                      "type": "minecraft:matching_fluids",
                      "offset": [
                        0,
                        0,
                        -1
                      ],
                      "fluids": [
                        "minecraft:water",
                        "minecraft:lava"
                      ]
                    }
                  ]
                },
                "then": {
                  "type": "minecraft:simple_state_provider",
                  "state": {
                    "Name": "minecraft:stone"
                  }
                }
              }
            ]
          },
          "target": {
            "type": "minecraft:true"
          },
          "radius": {
            "type": "minecraft:uniform",
            "value": {
              "min_inclusive": 2,
              "max_inclusive": 4
            }
          },
          "half_height": 1
        }
      },
      "placement": []
    }
  }
}
