{
    "carvers": {
        "air": [
            "minecraft:cave",
            "minecraft:cave_extra_underground",
            "minecraft:canyon"
        ]
    },
    "downfall": 0.5,
    "effects": {
        "fog_color": 12638463,
        "foliage_color": 8896601,
        "mood_sound": {
            "block_search_extent": 8,
            "offset": 2.0,
            "sound": "minecraft:ambient.cave",
            "tick_delay": 6000
        },
        "music": {
            "max_delay": 24000,
            "min_delay": 12000,
            "replace_current_music": false,
            "sound": "minecraft:music.overworld.lush_caves"
        },
        "sky_color": 8103167,
        "water_color": 4570768,
        "water_fog_color": 329011,
        "particle": {
            "probability": 0.0001,
            "options": {
                "type": "minecraft:cherry_leaves"
            }
        }
    },
    "features": [
        [
            "terralith:cave/fuck_art_just_need_performance/split/diorite",
            "terralith:cave/fuck_art_just_need_performance/split/andesite",
            "terralith:cave/fuck_art_just_need_performance/split/granite"
        ],
        [
            "minecraft:lake_lava_underground",
            "minecraft:lake_lava_surface"
        ],
        [
            "minecraft:amethyst_geode"
        ],
        [
            "minecraft:monster_room",
            "minecraft:monster_room_deep"
        ],
        [],
        [],
        [
            "minecraft:ore_dirt",
            "minecraft:ore_gravel",
            "minecraft:ore_granite_upper",
            "minecraft:ore_granite_lower",
            "minecraft:ore_diorite_upper",
            "minecraft:ore_diorite_lower",
            "minecraft:ore_andesite_upper",
            "minecraft:ore_andesite_lower",
            "minecraft:ore_coal_upper",
            "minecraft:ore_coal_lower",
            "minecraft:ore_iron_upper",
            "minecraft:ore_iron_middle",
            "minecraft:ore_iron_small",
            "minecraft:ore_gold",
            "minecraft:ore_gold_lower",
            "minecraft:ore_redstone",
            "minecraft:ore_redstone_lower",
            "minecraft:ore_diamond",
            "minecraft:ore_diamond_medium",
            "minecraft:ore_diamond_large",
            "minecraft:ore_diamond_buried",
            "minecraft:ore_lapis",
            "minecraft:ore_lapis_buried",
            "minecraft:ore_copper",
            "minecraft:underwater_magma",
            "terralith:cave/fungal/ore_coal_extra"
        ],
        [],
        [
            "minecraft:spring_water"
        ],
        [
            "terralith:cave/generic/noise_reducer",
            "terralith:cave/generic/noise_reducer_small",
            "minecraft:glow_lichen",
            "minecraft:patch_tall_grass_2",
            "terralith:cave/jungle/mud_water",
            "terralith:cave/jungle/floor",
            "terralith:cave/jungle/vegetation",
            "terralith:cave/jungle/ceiling_moss",
            "minecraft:classic_vines_cave_feature"
        ],
        [
            "minecraft:freeze_top_layer"
        ]
    ],
    "has_precipitation": true,
    "spawn_costs": {},
    "spawners": {
        "ambient": [
            {
                "type": "minecraft:bat",
                "maxCount": 8,
                "minCount": 8,
                "weight": 10
            }
        ],
        "axolotls": [
            {
                "type": "minecraft:axolotl",
                "maxCount": 6,
                "minCount": 4,
                "weight": 10
            }
        ],
        "creature": [
            {
                "type": "minecraft:turtle",
                "maxCount": 2,
                "minCount": 1,
                "weight": 10
            },
            {
                "type": "minecraft:frog",
                "maxCount": 3,
                "minCount": 1,
                "weight": 40
            }
        ],
        "misc": [],
        "monster": [
            {
                "type": "minecraft:spider",
                "maxCount": 4,
                "minCount": 4,
                "weight": 10
            },
            {
                "type": "minecraft:creeper",
                "maxCount": 4,
                "minCount": 4,
                "weight": 20
            },
            {
                "type": "minecraft:slime",
                "maxCount": 4,
                "minCount": 4,
                "weight": 40
            },
            {
                "type": "minecraft:enderman",
                "maxCount": 4,
                "minCount": 1,
                "weight": 10
            },
            {
                "type": "minecraft:witch",
                "maxCount": 2,
                "minCount": 1,
                "weight": 30
            }
        ],
        "underground_water_creature": [
            {
                "type": "minecraft:glow_squid",
                "maxCount": 6,
                "minCount": 4,
                "weight": 10
            }
        ],
        "water_ambient": [
            {
                "type": "minecraft:tropical_fish",
                "maxCount": 8,
                "minCount": 8,
                "weight": 25
            }
        ],
        "water_creature": []
    },
    "temperature": 0.5
}