{
  "type": "minecraft:random_selector",
  "config": {
    "default": "terralith:canyon/red_sandstone/palm_1",
    "features": [
      {
        "chance": 0.03,
        "feature": {
          "feature": "terralith:canyon/red_sandstone/palm_tall",
          "placement": [
            {
              "type": "minecraft:count",
              "count": 20
            }
          ]
        }
      },
      {
        "chance": 0.3,
        "feature": {
          "feature": "terralith:canyon/red_sandstone/palm_medium",
          "placement": [
            {
              "type": "minecraft:count",
              "count": 20
            }
          ]
        }
      }
    ]
  }
}