{
  "type": "minecraft:disk",
  "config": {
    "half_height": 2,
    "radius": {
      "type": "minecraft:biased_to_bottom",
      "value": {
        "min_inclusive": 5,
        "max_inclusive": 6
      }
    },
    "state_provider": {
      "fallback": {
        "type": "minecraft:simple_state_provider",
        "state": {
          "Name": "minecraft:terracotta"
        }
      },
      "rules": []
    },
    "target": {
      "type": "minecraft:matching_blocks",
      "blocks": [
        "minecraft:red_sand",
        "minecraft:red_sandstone",
        "minecraft:smooth_red_sandstone"
      ]
    }
  }
}