{
  "feature": {
    "type": "minecraft:random_selector",
    "config": {
      "features": [
        {
          "chance": 0.5,
          "feature": {
            "feature": "minecraft:forest_rock",
            "placement": [
              {
                "type": "minecraft:environment_scan",
                "direction_of_search": "down",
                "max_steps": 32,
                "target_condition": {
                  "type": "minecraft:matching_blocks",
                  "blocks": "minecraft:grass_block"
                },
                "allowed_search_condition": {
                  "type": "minecraft:matching_blocks",
                  "offset": [
                    0,
                    0,
                    0
                  ],
                  "blocks": "minecraft:air"
                }
              }
            ]
          }
        },
        {
          "chance": 0.25,
          "feature": {
            "feature": "minecraft:patch_pumpkin",
            "placement": []
          }
        }
      ],
      "default": "minecraft:patch_berry_bush"
    }
  },
  "placement": [
    {
      "type": "minecraft:count",
      "count": 128
    },
    {
      "type": "minecraft:in_square"
    },
    {
      "type": "minecraft:height_range",
      "height": {
        "type": "minecraft:uniform",
        "min_inclusive": {
          "above_bottom": 0
        },
        "max_inclusive": {
          "below_top": 0
        }
      }
    },
    {
      "type": "minecraft:surface_relative_threshold_filter",
      "heightmap": "OCEAN_FLOOR_WG",
      "max_inclusive": -13
    }
  ]
}
