{
  "feature": {
    "type": "minecraft:disk",
    "config": {
      "state_provider": {
        "fallback": {
          "type": "minecraft:simple_state_provider",
          "state": {
            "Name": "minecraft:terracotta"
          }
        },
        "rules": []
      },
      "target": {
        "type": "minecraft:all_of",
        "predicates": [
          {
            "type": "minecraft:matching_blocks",
            "offset": [
              0,
              0,
              0
            ],
            "blocks": "minecraft:air"
          },
          {
            "type": "minecraft:would_survive",
            "offset": [
              0,
              -3,
              0
            ],
            "state": {
              "Name": "minecraft:red_mushroom"
            }
          }
        ]
      },
      "radius": {
        "type": "minecraft:uniform",
        "value": {
          "min_inclusive": 4,
          "max_inclusive": 8
        }
      },
      "half_height": 4
    }
  },
  "placement": [
    {
      "type": "minecraft:count",
      "count": 256
    },
    {
      "type": "minecraft:in_square"
    },
    {
      "type": "minecraft:height_range",
      "height": {
        "type": "minecraft:uniform",
        "min_inclusive": {
          "above_bottom": 0
        },
        "max_inclusive": {
          "below_top": 0
        }
      }
    },
    {
      "type": "minecraft:surface_relative_threshold_filter",
      "heightmap": "OCEAN_FLOOR_WG",
      "max_inclusive": -13
    },
    {
      "type": "minecraft:environment_scan",
      "direction_of_search": "down",
      "max_steps": 32,
      "target_condition": {
        "type": "minecraft:all_of",
        "predicates": [
          {
            "type": "minecraft:matching_blocks",
            "blocks": "minecraft:air"
          },
          {
            "type": "minecraft:matching_blocks",
            "offset": [
              0,
              -1,
              0
            ],
            "blocks": "#minecraft:base_stone_overworld"
          },
          {
            "type": "minecraft:matching_blocks",
            "offset": [
              0,
              5,
              0
            ],
            "blocks": "minecraft:air"
          }
        ]
      },
      "allowed_search_condition": {
        "type": "minecraft:matching_blocks",
        "blocks": "minecraft:air"
      }
    }
  ]
}
